model,model_path,wikitext_perplexity,wikitext_tokens,wikitext_time_sec,wikitext_tokens_per_sec,wikitext_peak_memory_gb,gsm8k_accuracy,gsm8k_correct,gsm8k_total,gsm8k_time_sec,gsm8k_generated_tokens,gsm8k_tokens_per_sec,gsm8k_sec_per_sample,gsm8k_peak_memory_gb
Teacher,MiniLLM/teacher-gpt2-1.5B,784.3333946880437,52630,28.785635471343994,1828.342474926183,10.160161972045898,0.02,4,200,71.65445876121521,3625,50.59001299668072,0.35827229380607606,7.05180549621582
SFT,outputs/gpt2_small_dolly_best_lr_5e-5,451.87944986021085,52630,6.780881881713867,7761.527323153692,2.1030335426330566,0.01,2,200,63.793495893478394,25600,401.294828594228,0.31896747946739196,0.7155623435974121
KD,outputs/gpt2_KD_dolly_best_V2_lr_5e-5,554.3888150922705,52630,7.24569845199585,7263.619973793266,2.1030335426330566,0.005,1,200,63.200188875198364,25600,405.0620805984047,0.3160009443759918,0.7155623435974121
reverse,outputs/gpt2_reverseKD_dolly_best__lr_5e-5,1317.0614040375833,52630,4.966883420944214,10596.181858843576,2.1030335426330566,0.015,3,200,61.763505935668945,25600,414.4842429551232,0.30881752967834475,0.7155623435974121
SeqKD,outputs/gpt2_seqKD_V3_dolly_lr_5e-5/checkpoint-1879,615.7395900895644,52630,5.853001117706299,8991.968212817443,2.1030335426330566,0.015,3,200,25.40736198425293,4573,179.98720224611557,0.12703680992126465,0.7155599594116211
